source;title;company;location;workload;published;url;scraped_at
LinkedIn;Investment Risk Analyst;Man Group;Geneva, Geneva, Switzerland;N/A;13.03.26;https://ch.linkedin.com/jobs/view/investment-risk-analyst-at-man-group-4385368189;2026-03-13T21:44:45.060349
LinkedIn;Business Analyst Banking;Pro Informatik AG;Zurich, Switzerland;N/A;13.03.26;https://ch.linkedin.com/jobs/view/business-analyst-banking-at-pro-informatik-ag-4385377727;2026-03-13T21:44:50.230681
LinkedIn;Research Associate in Private Equity (m/w/d);University of St.Gallen;Switzerland;N/A;13.03.26;https://ch.linkedin.com/jobs/view/research-associate-in-private-equity-m-w-d-at-university-of-st-gallen-4385359208;2026-03-13T21:45:06.652165
LinkedIn;Internship - Business Consulting - Business Management;EY;Zurich, Zurich, Switzerland;N/A;13.03.26;https://ch.linkedin.com/jobs/view/internship-business-consulting-business-management-at-ey-4374054804;2026-03-13T21:45:11.745458
LinkedIn;Berater*in Privatkunden 80 - 100%;St. Galler Kantonalbank AG;Buchs, Zurich, Switzerland;N/A;13.03.26;https://ch.linkedin.com/jobs/view/berater-in-privatkunden-80-100%25-at-st-galler-kantonalbank-ag-4371116906;2026-03-13T21:45:15.209048
LinkedIn;Senior Sustainability Strategist im Asset Management (m/w/d);Zürcher Kantonalbank;Zurich, Zurich, Switzerland;N/A;13.03.26;https://ch.linkedin.com/jobs/view/senior-sustainability-strategist-im-asset-management-m-w-d-at-z%C3%BCrcher-kantonalbank-4383172312;2026-03-13T21:45:33.815857
LinkedIn;Execution Trader – Hedge Fund - PSquared Asset Management AG;Jobs via eFinancialCareers;Zurich, Zurich, Switzerland;N/A;13.03.26;https://ch.linkedin.com/jobs/view/execution-trader-%E2%80%93-hedge-fund-psquared-asset-management-ag-at-jobs-via-efinancialcareers-4381764883;2026-03-13T21:45:47.451248
LinkedIn;Portfolio Manager;Genesis Investment Partners AG;Zurich, Zurich, Switzerland;N/A;13.03.26;https://ch.linkedin.com/jobs/view/portfolio-manager-at-genesis-investment-partners-ag-4385350153;2026-03-13T21:45:55.908634
LinkedIn;Verantwortliche/r Finanzen und Administration;Duss Baumanagement;Buochs, Nidwalden, Switzerland;N/A;13.03.26;https://ch.linkedin.com/jobs/view/verantwortliche-r-finanzen-und-administration-at-duss-baumanagement-4385379784;2026-03-13T21:45:59.757611
LinkedIn;Teamleiter Finanzen (m/w/d);Rocken®;Aarau, Aargau, Switzerland;N/A;13.03.26;https://ch.linkedin.com/jobs/view/teamleiter-finanzen-m-w-d-at-rocken%C2%AE-4384259802;2026-03-13T21:45:59.758183
LinkedIn;Compliance Officer;Basler Kantonalbank;Basel, Basel, Switzerland;N/A;13.03.26;https://ch.linkedin.com/jobs/view/compliance-officer-at-basler-kantonalbank-4385541553;2026-03-13T21:46:07.630706
LinkedIn;Teilzeitstudent:in Investment Center (40-60%);Graubündner Kantonalbank;Chur, Graubünden, Switzerland;N/A;13.03.26;https://ch.linkedin.com/jobs/view/teilzeitstudent-in-investment-center-40-60%25-at-graub%C3%BCndner-kantonalbank-4358621359;2026-03-13T21:46:07.631063
LinkedIn;SENIOR CORPORATE SECRETARY - 80%;Lotus Partners;Geneva, Switzerland;N/A;13.03.26;https://ch.linkedin.com/jobs/view/senior-corporate-secretary-80%25-at-lotus-partners-4385321791;2026-03-13T21:46:15.996344
LinkedIn;Head of Mortgage Advisory Switzerland 100% (f/m/d);Julius Baer;Zurich, Zurich, Switzerland;N/A;13.03.26;https://ch.linkedin.com/jobs/view/head-of-mortgage-advisory-switzerland-100%25-f-m-d-at-julius-baer-4358735633;2026-03-13T21:46:19.687004
LinkedIn;Senior Mortgage Advisor Switzerland / Ticino 80% - 100% (f/m/d);Julius Baer;Lugano, Ticino, Switzerland;N/A;13.03.26;https://ch.linkedin.com/jobs/view/senior-mortgage-advisor-switzerland-ticino-80%25-100%25-f-m-d-at-julius-baer-4359411259;2026-03-13T21:46:19.687124
LinkedIn;UX/UI Quality & Governance Manager (m/w/d);Zürcher Kantonalbank;Zurich, Zurich, Switzerland;N/A;13.03.26;https://ch.linkedin.com/jobs/view/ux-ui-quality-governance-manager-m-w-d-at-z%C3%BCrcher-kantonalbank-4385369523;2026-03-13T21:46:22.859959
LinkedIn;Graduate – Relationship Officer Intermediaries 100% (f/m/d);LGT Private Banking;Zurich, Zurich, Switzerland;N/A;13.03.26;https://ch.linkedin.com/jobs/view/graduate-%E2%80%93-relationship-officer-intermediaries-100%25-f-m-d-at-lgt-private-banking-4374340328;2026-03-13T21:46:59.877614
LinkedIn;Business Analyst – Fixed Income, Commodities and Currencies (rfx1528718);Rigby AG;Zurich, Switzerland;N/A;12.03.26;https://ch.linkedin.com/jobs/view/business-analyst-%E2%80%93-fixed-income-commodities-and-currencies-rfx1528718-at-rigby-ag-4383926717;2026-03-13T21:44:50.230802
LinkedIn;Investment Banking Associate, Corporate Finance (F/M/X);Deutsche Bank;Zurich, Zurich, Switzerland;N/A;12.03.26;https://ch.linkedin.com/jobs/view/investment-banking-associate-corporate-finance-f-m-x-at-deutsche-bank-4375065088;2026-03-13T21:44:53.931472
LinkedIn;Trainee Private Banking 80 – 100%;St. Galler Kantonalbank AG;St Gallen, St Gallen, Switzerland;N/A;12.03.26;https://ch.linkedin.com/jobs/view/trainee-private-banking-80-%E2%80%93-100%25-at-st-galler-kantonalbank-ag-4373361384;2026-03-13T21:45:15.208542
LinkedIn;Berater*in Privatkunden Personalkunden 50 – 70%;St. Galler Kantonalbank AG;St Gallen, St Gallen, Switzerland;N/A;12.03.26;https://ch.linkedin.com/jobs/view/berater-in-privatkunden-personalkunden-50-%E2%80%93-70%25-at-st-galler-kantonalbank-ag-4383942470;2026-03-13T21:45:15.209161
LinkedIn;Privatkundenberater/in Senior;Zuger Kantonalbank;Baar, Zug, Switzerland;N/A;12.03.26;https://ch.linkedin.com/jobs/view/privatkundenberater-in-senior-at-zuger-kantonalbank-4382789569;2026-03-13T21:45:15.209492
LinkedIn;Responsable excellence opérationnelle / Verantwortliche/r für Operational Excellence 80-100%;BCF - Banque Cantonale de Fribourg;Fribourg, Switzerland;N/A;12.03.26;https://ch.linkedin.com/jobs/view/responsable-excellence-op%C3%A9rationnelle-verantwortliche-r-f%C3%BCr-operational-excellence-80-100%25-at-bcf-banque-cantonale-de-fribourg-4382792702;2026-03-13T21:46:07.631172
LinkedIn;Senior Relationship Manager – Private Wealth (Switzerland);Camp de Base;Zurich, Zurich, Switzerland;N/A;12.03.26;https://ch.linkedin.com/jobs/view/senior-relationship-manager-%E2%80%93-private-wealth-switzerland-at-camp-de-base-4384546984;2026-03-13T21:46:43.156382
LinkedIn;Senior Relationship Manager – Middle East Clients;Altus Search Ltd;Zurich, Switzerland;N/A;12.03.26;https://ch.linkedin.com/jobs/view/senior-relationship-manager-%E2%80%93-middle-east-clients-at-altus-search-ltd-4382774453;2026-03-13T21:46:48.506638
LinkedIn;Senior Relationship Manager – Swiss Clients;Altus Search Ltd;Zurich, Switzerland;N/A;12.03.26;https://ch.linkedin.com/jobs/view/senior-relationship-manager-%E2%80%93-swiss-clients-at-altus-search-ltd-4382776614;2026-03-13T21:46:48.506881
LinkedIn;Trainee Banking (w/m/d) - Studentjob.ch;Jobster;Lucerne, Lucerne, Switzerland;N/A;12.03.26;https://ch.linkedin.com/jobs/view/trainee-banking-w-m-d-studentjob-ch-at-jobster-4383590540;2026-03-13T21:46:55.330218
LinkedIn;Analyst - Investment Banking (Zurich);Jefferies;Zurich, Zurich, Switzerland;N/A;11.03.26;https://ch.linkedin.com/jobs/view/analyst-investment-banking-zurich-at-jefferies-4384508850;2026-03-13T21:44:45.060210
LinkedIn;Middle Office Analyst - Asset & Wealth Management;Amadeus Capital SA;Zurich, Zurich, Switzerland;N/A;11.03.26;https://ch.linkedin.com/jobs/view/middle-office-analyst-asset-wealth-management-at-amadeus-capital-sa-4383782711;2026-03-13T21:44:45.060585
LinkedIn;Senior MIT Advisor, Switzerland;Deutsche Bank;Zurich, Zurich, Switzerland;N/A;11.03.26;https://ch.linkedin.com/jobs/view/senior-mit-advisor-switzerland-at-deutsche-bank-4344028300;2026-03-13T21:46:02.999010
LinkedIn;Investment Advisor (Associate Director);QNB Group;Geneva, Switzerland;N/A;11.03.26;https://ch.linkedin.com/jobs/view/investment-advisor-associate-director-at-qnb-group-4327960760;2026-03-13T21:46:30.798451
LinkedIn;International Private Bank, FX DAC, Associate, Switzerland;JPMorganChase;Geneva, Geneva, Switzerland;N/A;11.03.26;https://ch.linkedin.com/jobs/view/international-private-bank-fx-dac-associate-switzerland-at-jpmorganchase-4384364630;2026-03-13T21:46:59.877072
LinkedIn;Investment Risk Data Analyst;Lombard Odier Investment Managers;Geneva, Switzerland;N/A;11.03.26;https://ch.linkedin.com/jobs/view/investment-risk-data-analyst-at-lombard-odier-investment-managers-4382882950;2026-03-13T21:46:59.877291
LinkedIn;Freelance Finance Experts at AI Startup;Lightly;Zurich, Zurich, Switzerland;N/A;11.03.26;https://ch.linkedin.com/jobs/view/freelance-finance-experts-at-ai-startup-at-lightly-4382701023;2026-03-13T21:46:59.877508
LinkedIn;Analyst, Investment Banking (Zurich based);Jefferies;Zurich, Switzerland;N/A;10.03.26;https://ch.linkedin.com/jobs/view/analyst-investment-banking-zurich-based-at-jefferies-4382446696;2026-03-13T21:44:45.060724
LinkedIn;BA Application Support / FX Specialist - Private banking;Synechron;Geneva, Geneva, Switzerland;N/A;10.03.26;https://ch.linkedin.com/jobs/view/ba-application-support-fx-specialist-private-banking-at-synechron-4383492323;2026-03-13T21:44:50.230549
LinkedIn;Leiter Handel (w/m/d), 80 – 100 %, Hauptsitz Stans;Nidwaldner Kantonalbank;Stans, Nidwalden, Switzerland;N/A;10.03.26;https://ch.linkedin.com/jobs/view/leiter-handel-w-m-d-80-%E2%80%93-100-%25-hauptsitz-stans-at-nidwaldner-kantonalbank-4383748710;2026-03-13T21:45:33.816109
LinkedIn;Trainee-Programm Multi-Asset Management & Private Markets (w/m/d);die Mobiliar;Bern, Berne, Switzerland;N/A;10.03.26;https://ch.linkedin.com/jobs/view/trainee-programm-multi-asset-management-private-markets-w-m-d-at-die-mobiliar-4382049421;2026-03-13T21:45:38.625539
LinkedIn;Asset Manager:in Netze;Werren & Thomann GmbH;Kreuzlingen, Thurgau, Switzerland;N/A;10.03.26;https://ch.linkedin.com/jobs/view/asset-manager-in-netze-at-werren-thomann-gmbh-4363280087;2026-03-13T21:45:38.626026
LinkedIn;Manager, Financial Services - Audit;Deloitte;Zurich, Zurich, Switzerland;N/A;10.03.26;https://ch.linkedin.com/jobs/view/manager-financial-services-audit-at-deloitte-4383715007;2026-03-13T21:45:59.758075
LinkedIn;Applikationsexpert:in Financial Crime Compliance;Zürcher Kantonalbank;Zurich, Zurich, Switzerland;N/A;10.03.26;https://ch.linkedin.com/jobs/view/applikationsexpert-in-financial-crime-compliance-at-z%C3%BCrcher-kantonalbank-4382053935;2026-03-13T21:46:07.631281
LinkedIn;Kundenberaterin / Kundenberater Kundencenter Gemeinschaften (a);Berner Kantonalbank AG;Liebefeld, Berne, Switzerland;N/A;10.03.26;https://ch.linkedin.com/jobs/view/kundenberaterin-kundenberater-kundencenter-gemeinschaften-a-at-berner-kantonalbank-ag-4382239863;2026-03-13T21:46:07.631391
LinkedIn;Senior Compliance Officer AML;Beyond Potentials;Geneva, Geneva, Switzerland;N/A;10.03.26;https://ch.linkedin.com/jobs/view/senior-compliance-officer-aml-at-beyond-potentials-4382434435;2026-03-13T21:46:15.995898
LinkedIn;KYC Specialist (F/M/X);Deutsche Bank;Zurich, Zurich, Switzerland;N/A;10.03.26;https://ch.linkedin.com/jobs/view/kyc-specialist-f-m-x-at-deutsche-bank-4373869688;2026-03-13T21:46:30.798565
LinkedIn;Director, Relationship Manager Geneva (CE);Deutsche Bank;Geneva, Geneva, Switzerland;N/A;10.03.26;https://ch.linkedin.com/jobs/view/director-relationship-manager-geneva-ce-at-deutsche-bank-4373826023;2026-03-13T21:46:35.593353
LinkedIn;Account Manager*in eVV Desk 80 - 100%;St. Galler Kantonalbank AG;St Gallen, St Gallen, Switzerland;N/A;10.03.26;https://ch.linkedin.com/jobs/view/account-manager-in-evv-desk-80-100%25-at-st-galler-kantonalbank-ag-4382448155;2026-03-13T21:46:39.133545
LinkedIn;Cross Asset Execution (up to VP);Deutsche Bank;Zurich, Zurich, Switzerland;N/A;10.03.26;https://ch.linkedin.com/jobs/view/cross-asset-execution-up-to-vp-at-deutsche-bank-4373884048;2026-03-13T21:46:43.155704
LinkedIn;Client Relationship Manager - Pension Funds;IGA Talent Solutions;Zurich, Switzerland;N/A;10.03.26;https://ch.linkedin.com/jobs/view/client-relationship-manager-pension-funds-at-iga-talent-solutions-4383729135;2026-03-13T21:46:43.156166
LinkedIn;Investment Director | Family office;ACL Partners;Zurich, Switzerland;N/A;10.03.26;https://ch.linkedin.com/jobs/view/investment-director-family-office-at-acl-partners-4369900309;2026-03-13T21:47:20.886007
LinkedIn;Berater(in) Privatkunden Individual, 80 - 100 %;Thurgauer Kantonalbank;Romanshorn, Thurgau, Switzerland;N/A;09.03.26;https://ch.linkedin.com/jobs/view/berater-in-privatkunden-individual-80-100-%25-at-thurgauer-kantonalbank-4326518911;2026-03-13T21:45:15.209384
LinkedIn;Business Portfolio Manager DevOps & Digital Workplace (w/m/d);Zürcher Kantonalbank;Zurich, Zurich, Switzerland;N/A;09.03.26;https://ch.linkedin.com/jobs/view/business-portfolio-manager-devops-digital-workplace-w-m-d-at-z%C3%BCrcher-kantonalbank-4309566296;2026-03-13T21:45:33.816439
LinkedIn;Financial Planning & Analysis manager, PB Emerging Markets (f/m/x);Deutsche Bank;Geneva, Geneva, Switzerland;N/A;09.03.26;https://ch.linkedin.com/jobs/view/financial-planning-analysis-manager-pb-emerging-markets-f-m-x-at-deutsche-bank-4383340010;2026-03-13T21:45:38.625797
LinkedIn;Execution Trader;PSQUARED ASSET MANAGEMENT AG;Zurich, Zurich, Switzerland;N/A;09.03.26;https://ch.linkedin.com/jobs/view/execution-trader-at-psquared-asset-management-ag-4382104010;2026-03-13T21:45:47.450816
LinkedIn;Investment Manager – Private Equity Secondaries;Schroders;Zurich, Zurich, Switzerland;N/A;09.03.26;https://ch.linkedin.com/jobs/view/investment-manager-%E2%80%93-private-equity-secondaries-at-schroders-4373545570;2026-03-13T21:45:55.909256
LinkedIn;Senior Private Banker (a);Talentana AG;Zurich, Zurich, Switzerland;N/A;09.03.26;https://ch.linkedin.com/jobs/view/senior-private-banker-a-at-talentana-ag-4365749869;2026-03-13T21:46:15.996561
LinkedIn;Hochschultrainee T-Shaped (m/w/d);Zürcher Kantonalbank;Zurich, Zurich, Switzerland;N/A;09.03.26;https://ch.linkedin.com/jobs/view/hochschultrainee-t-shaped-m-w-d-at-z%C3%BCrcher-kantonalbank-4381735188;2026-03-13T21:47:29.205539
LinkedIn;Independent M&A Advisor;ONEtoONE Corporate Finance;Zurich, Switzerland;N/A;09.03.26;https://ch.linkedin.com/jobs/view/independent-m-a-advisor-at-onetoone-corporate-finance-4382997869;2026-03-13T21:47:36.066087
LinkedIn;Manager Auditor(s) in Financial Services - Geneva;EY;Lancy, Geneva, Switzerland;N/A;08.03.26;https://ch.linkedin.com/jobs/view/manager-auditor-s-in-financial-services-geneva-at-ey-3967802733;2026-03-13T21:45:59.758291
LinkedIn;Head of Private Banking;DES Capital;Zurich, Switzerland;N/A;08.03.26;https://ch.linkedin.com/jobs/view/head-of-private-banking-at-des-capital-4371600764;2026-03-13T21:47:02.664487
LinkedIn;International Private Bank, Private Banker, Mexico, Executive Director;JPMorganChase;Geneva, Geneva, Switzerland;N/A;07.03.26;https://ch.linkedin.com/jobs/view/international-private-bank-private-banker-mexico-executive-director-at-jpmorganchase-4372710622;2026-03-13T21:45:42.715401
LinkedIn;Senior Portfolio Manager – Outsourced CIO Team Zurich, 100% (f/m/d);Julius Baer;Zurich, Zurich, Switzerland;N/A;07.03.26;https://ch.linkedin.com/jobs/view/senior-portfolio-manager-%E2%80%93-outsourced-cio-team-zurich-100%25-f-m-d-at-julius-baer-4382350412;2026-03-13T21:45:47.450707
LinkedIn;ASSISTANT RELATIONSHIP MANAGER AFFLUENT BANKING;UBP - Union Bancaire Privée;Geneva, Geneva, Switzerland;N/A;07.03.26;https://ch.linkedin.com/jobs/view/assistant-relationship-manager-affluent-banking-at-ubp-union-bancaire-priv%C3%A9e-4380308976;2026-03-13T21:46:02.998764
LinkedIn;Central Compliance Officer (F/M/X);Deutsche Bank;Zurich, Zurich, Switzerland;N/A;07.03.26;https://ch.linkedin.com/jobs/view/central-compliance-officer-f-m-x-at-deutsche-bank-4365601246;2026-03-13T21:46:02.998892
LinkedIn;Business Engineer & Product Owner ERP (m/w/d);Zürcher Kantonalbank;Zurich, Zurich, Switzerland;N/A;07.03.26;https://ch.linkedin.com/jobs/view/business-engineer-product-owner-erp-m-w-d-at-z%C3%BCrcher-kantonalbank-4364500202;2026-03-13T21:46:22.860495
LinkedIn;Investment Analyst – Alternative Investments Advisory;Beyond Potentials;Geneva, Geneva, Switzerland;N/A;06.03.26;https://ch.linkedin.com/jobs/view/investment-analyst-%E2%80%93-alternative-investments-advisory-at-beyond-potentials-4380694079;2026-03-13T21:44:45.060469
LinkedIn;Associate Director, EUCAN Regulatory Lead - Oncology;Takeda;Zurich, Zurich, Switzerland;N/A;06.03.26;https://ch.linkedin.com/jobs/view/associate-director-eucan-regulatory-lead-oncology-at-takeda-4371707888;2026-03-13T21:45:01.412436
LinkedIn;Privatkundenberater:in;ATEC Personal AG;Plaffeien, Fribourg, Switzerland;N/A;06.03.26;https://ch.linkedin.com/jobs/view/privatkundenberater-in-at-atec-personal-ag-4380271073;2026-03-13T21:45:15.208940
LinkedIn;Head of Commercial Projects and Asset Transformation;Trafigura;Geneva, Geneva, Switzerland;N/A;06.03.26;https://ch.linkedin.com/jobs/view/head-of-commercial-projects-and-asset-transformation-at-trafigura-4363954065;2026-03-13T21:45:38.625421
LinkedIn;Sachbearbeiter/in Kundendatencenter (m/w/d);Schaffhauser Kantonalbank;Schaffhausen, Schaffhausen, Switzerland;N/A;06.03.26;https://ch.linkedin.com/jobs/view/sachbearbeiter-in-kundendatencenter-m-w-d-at-schaffhauser-kantonalbank-4380804236;2026-03-13T21:46:07.631604
LinkedIn;Senior Relationship Manager – Private Banking;Redstone Search Group;Zurich, Switzerland;N/A;06.03.26;https://ch.linkedin.com/jobs/view/senior-relationship-manager-%E2%80%93-private-banking-at-redstone-search-group-4381946704;2026-03-13T21:46:15.996233
LinkedIn;Senior Treasurer;Audi Revolut F1 Team;Hinwil, Zurich, Switzerland;N/A;06.03.26;https://ch.linkedin.com/jobs/view/senior-treasurer-at-audi-revolut-f1-team-4380407422;2026-03-13T21:46:25.354868
LinkedIn;Solution Architect (w/m/d);Zürcher Kantonalbank;Zurich, Zurich, Switzerland;N/A;06.03.26;https://ch.linkedin.com/jobs/view/solution-architect-w-m-d-at-z%C3%BCrcher-kantonalbank-4355244956;2026-03-13T21:47:29.205907
LinkedIn;Client Advisor, HK/China Team, APAC Switzerland WM in Zurich;UBS;Zurich, Zurich, Switzerland;N/A;06.03.26;https://ch.linkedin.com/jobs/view/client-advisor-hk-china-team-apac-switzerland-wm-in-zurich-at-ubs-4362533010;2026-03-13T21:47:36.066520
LinkedIn;Senior Berater(in) Privatkunden Individual;Thurgauer Kantonalbank;Eschenz, Thurgau, Switzerland;N/A;05.03.26;https://ch.linkedin.com/jobs/view/senior-berater-in-privatkunden-individual-at-thurgauer-kantonalbank-4380408401;2026-03-13T21:45:15.208826
LinkedIn;Kundenberater/in Vermögensberatung International (m/w/d);Schaffhauser Kantonalbank;Schaffhausen, Schaffhausen, Switzerland;N/A;05.03.26;https://ch.linkedin.com/jobs/view/kundenberater-in-verm%C3%B6gensberatung-international-m-w-d-at-schaffhauser-kantonalbank-4380486284;2026-03-13T21:45:15.209605
LinkedIn;University Graduate – Investment Advisory 100% (f/m/d);Julius Baer;Zurich, Zurich, Switzerland;N/A;05.03.26;https://ch.linkedin.com/jobs/view/university-graduate-%E2%80%93-investment-advisory-100%25-f-m-d-at-julius-baer-4371672131;2026-03-13T21:45:20.507233
LinkedIn;University Graduate – Fixed Income Portfolio Management in CIO Office 100% (f/m/d);Julius Baer;Zurich, Zurich, Switzerland;N/A;05.03.26;https://ch.linkedin.com/jobs/view/university-graduate-%E2%80%93-fixed-income-portfolio-management-in-cio-office-100%25-f-m-d-at-julius-baer-4371655835;2026-03-13T21:45:20.507477
LinkedIn;WEALTH MANAGER & PORTFOLIO MANAGER ASSISTANT;Lotus Partners;Geneva, Switzerland;N/A;05.03.26;https://ch.linkedin.com/jobs/view/wealth-manager-portfolio-manager-assistant-at-lotus-partners-4381422680;2026-03-13T21:45:20.508062
LinkedIn;Corporate Banking Director, Zurich;Bank of America;Zurich, Zurich, Switzerland;N/A;05.03.26;https://ch.linkedin.com/jobs/view/corporate-banking-director-zurich-at-bank-of-america-4371497722;2026-03-13T21:45:47.451141
LinkedIn;Senior Händler:in Delta-1;Zürcher Kantonalbank;Zurich, Zurich, Switzerland;N/A;05.03.26;https://ch.linkedin.com/jobs/view/senior-h%C3%A4ndler-in-delta-1-at-z%C3%BCrcher-kantonalbank-4379387820;2026-03-13T21:46:22.860285
LinkedIn;Private Asset Specialist (80-100%) (6-month contract);Lombard Odier Group;Geneva, Switzerland;N/A;05.03.26;https://ch.linkedin.com/jobs/view/private-asset-specialist-80-100%25-6-month-contract-at-lombard-odier-group-4379326698;2026-03-13T21:46:59.877400
LinkedIn;Private Banker – Geneva;Redstone Search Group;Geneva, Switzerland;N/A;05.03.26;https://ch.linkedin.com/jobs/view/private-banker-%E2%80%93-geneva-at-redstone-search-group-4381427050;2026-03-13T21:47:02.664869
LinkedIn;Client Portfolio Manager - Equities;Vontobel;Zurich, Zurich, Switzerland;N/A;04.03.26;https://ch.linkedin.com/jobs/view/client-portfolio-manager-equities-at-vontobel-4378912531;2026-03-13T21:45:47.450576
LinkedIn;Compliance Officer - Private Banking Compliance 100% (f/m/d);Julius Baer;Zurich, Zurich, Switzerland;N/A;04.03.26;https://ch.linkedin.com/jobs/view/compliance-officer-private-banking-compliance-100%25-f-m-d-at-julius-baer-4365009202;2026-03-13T21:46:15.995770
LinkedIn;Senior Relationship Manager - Swiss Domestic Market;Freestar-People;Zurich, Switzerland;N/A;04.03.26;https://ch.linkedin.com/jobs/view/senior-relationship-manager-swiss-domestic-market-at-freestar-people-4378924147;2026-03-13T21:46:35.593569
LinkedIn;Senior Relationship Manager - LATAM Desk | Boutique Private Bank;Freestar-People;Zurich, Switzerland;N/A;04.03.26;https://ch.linkedin.com/jobs/view/senior-relationship-manager-latam-desk-boutique-private-bank-at-freestar-people-4378930045;2026-03-13T21:46:35.593711
LinkedIn;Relationship Manager – Multi-Family Office;KeyPartners;Zurich, Zurich, Switzerland;N/A;04.03.26;https://ch.linkedin.com/jobs/view/relationship-manager-%E2%80%93-multi-family-office-at-keypartners-4379655585;2026-03-13T21:46:43.155835
LinkedIn;Senior Investment Advisor;Banque Heritage;Geneva, Switzerland;N/A;04.03.26;https://ch.linkedin.com/jobs/view/senior-investment-advisor-at-banque-heritage-4378905853;2026-03-13T21:47:07.979770
LinkedIn;Analyst - Treasury Sales Associate, Global Payments Solutions, Zurich;myGwork - LGBTQ+ Business Community;Zurich, Zurich, Switzerland;N/A;03.03.26;https://ch.linkedin.com/jobs/view/analyst-treasury-sales-associate-global-payments-solutions-zurich-at-mygwork-lgbtq%2B-business-community-4378166552;2026-03-13T21:44:53.931597
LinkedIn;Graduate Program in Wealth Management Advisory (18 months - starting in April 2026);BNP Paribas in Switzerland;Geneva, Geneva, Switzerland;N/A;03.03.26;https://ch.linkedin.com/jobs/view/graduate-program-in-wealth-management-advisory-18-months-starting-in-april-2026-at-bnp-paribas-in-switzerland-4379420087;2026-03-13T21:45:20.507725
LinkedIn;Head of Private Banking;Hoffer Swiss Partners 🇨🇭;Switzerland;N/A;03.03.26;https://ch.linkedin.com/jobs/view/head-of-private-banking-at-hoffer-swiss-partners-%F0%9F%87%A8%F0%9F%87%AD-4378166222;2026-03-13T21:45:38.625672
LinkedIn;International Private Bank, Private Banker, Turkey;JPMorganChase;Geneva, Geneva, Switzerland;N/A;03.03.26;https://ch.linkedin.com/jobs/view/international-private-bank-private-banker-turkey-at-jpmorganchase-4264175152;2026-03-13T21:45:42.715047
LinkedIn;Indexed Investments and Solutions;MSCI Inc.;Zurich, Zurich, Switzerland;N/A;03.03.26;https://ch.linkedin.com/jobs/view/indexed-investments-and-solutions-at-msci-inc-4361898711;2026-03-13T21:45:42.715773
LinkedIn;International Private Bank, Associate Client Advisor - Swiss Onshore Market;JPMorganChase;Zurich, Zurich, Switzerland;N/A;03.03.26;https://ch.linkedin.com/jobs/view/international-private-bank-associate-client-advisor-swiss-onshore-market-at-jpmorganchase-4380358168;2026-03-13T21:45:42.715884
LinkedIn;Verantwortliche/r Finanzen und Personal (w/m/d) 100%;Brunner-Anliker AG;Opfikon, Zurich, Switzerland;N/A;03.03.26;https://ch.linkedin.com/jobs/view/verantwortliche-r-finanzen-und-personal-w-m-d-100%25-at-brunner-anliker-ag-4380184839;2026-03-13T21:45:59.757741
LinkedIn;Leiter*in IT-Governance & Third Party Risk Management 80 – 100%;St. Galler Kantonalbank AG;St Gallen, St Gallen, Switzerland;N/A;03.03.26;https://ch.linkedin.com/jobs/view/leiter-in-it-governance-third-party-risk-management-80-%E2%80%93-100%25-at-st-galler-kantonalbank-ag-4379189422;2026-03-13T21:46:07.631498
LinkedIn;Leiter:in IT-Architektur;Zürcher Kantonalbank;Zurich, Zurich, Switzerland;N/A;03.03.26;https://ch.linkedin.com/jobs/view/leiter-in-it-architektur-at-z%C3%BCrcher-kantonalbank-4378543495;2026-03-13T21:46:22.860390
LinkedIn;Relationship Manager, Middle East;Deutsche Bank;Geneva, Geneva, Switzerland;N/A;03.03.26;https://ch.linkedin.com/jobs/view/relationship-manager-middle-east-at-deutsche-bank-4380595051;2026-03-13T21:46:35.592782
LinkedIn;Account Manager IT-Dienstleistungen (80–100%);ITech Consult AG;Baar, Zug, Switzerland;N/A;03.03.26;https://ch.linkedin.com/jobs/view/account-manager-it-dienstleistungen-80%E2%80%93100%25-at-itech-consult-ag-4380525855;2026-03-13T21:46:39.133420
LinkedIn;GPS Associate Programme: Junior Wealth Planner Taxation Switzerland, Zurich, 100% (f/m/d);Julius Baer;Zurich, Zurich, Switzerland;N/A;02.03.26;https://ch.linkedin.com/jobs/view/gps-associate-programme-junior-wealth-planner-taxation-switzerland-zurich-100%25-f-m-d-at-julius-baer-4363788493;2026-03-13T21:45:06.652295
LinkedIn;Senior Portfolio Manager Real Estate;Patrimonium Asset Management;Ouest Lausannois District, Vaud, Switzerland;N/A;02.03.26;https://ch.linkedin.com/jobs/view/senior-portfolio-manager-real-estate-at-patrimonium-asset-management-4354553421;2026-03-13T21:45:38.626135
LinkedIn;Portfolio Monitoring Team Lead;LGT Capital Partners;Pfäffikon, Zurich, Switzerland;N/A;02.03.26;https://ch.linkedin.com/jobs/view/portfolio-monitoring-team-lead-at-lgt-capital-partners-4354345498;2026-03-13T21:45:59.757482
LinkedIn;Teamleiter Immobilienbewirtschaftung gemischtes Portfolio (m/w/d);Onyx Circle;Aargau, Switzerland;N/A;02.03.26;https://ch.linkedin.com/jobs/view/teamleiter-immobilienbewirtschaftung-gemischtes-portfolio-m-w-d-at-onyx-circle-4378839847;2026-03-13T21:45:59.757966
LinkedIn;Fachspezialist:in Überwachung Delegierte;Swisscanto Fund Management Company Ltd.;Zurich, Zurich, Switzerland;N/A;02.03.26;https://ch.linkedin.com/jobs/view/fachspezialist-in-%C3%BCberwachung-delegierte-at-swisscanto-fund-management-company-ltd-4377763166;2026-03-13T21:46:07.630957
LinkedIn;Compliance Officer;Flex Suisse;Geneva, Switzerland;N/A;02.03.26;https://ch.linkedin.com/jobs/view/compliance-officer-at-flex-suisse-4377774020;2026-03-13T21:46:30.799347
LinkedIn;Relationship Manager, EMEA U/HNW Coverage, Geneva;Delta Executive Search;Geneva, Switzerland;N/A;02.03.26;https://ch.linkedin.com/jobs/view/relationship-manager-emea-u-hnw-coverage-geneva-at-delta-executive-search-4379950496;2026-03-13T21:46:35.593131
LinkedIn;Relationship Manager / Private Banker;Tiger Recruitment;Zurich, Switzerland;N/A;02.03.26;https://ch.linkedin.com/jobs/view/relationship-manager-private-banker-at-tiger-recruitment-4379909277;2026-03-13T21:46:35.593240
LinkedIn;Relationship Manager, MENA U/HNW Coverage, Switzerland;Delta Executive Search;Geneva, Switzerland;N/A;02.03.26;https://ch.linkedin.com/jobs/view/relationship-manager-mena-u-hnw-coverage-switzerland-at-delta-executive-search-4379948428;2026-03-13T21:46:35.593460
LinkedIn;Senior Private Banker, EMEA Clients, Zurich;Delta Executive Search;Zürich Metropolitan Area;N/A;02.03.26;https://ch.linkedin.com/jobs/view/senior-private-banker-emea-clients-zurich-at-delta-executive-search-4379965356;2026-03-13T21:46:48.506301
LinkedIn;2027 Off-Cycle Internship - Investment Banking ECM - Zurich;UBS;Zurich, Zurich, Switzerland;N/A;02.03.26;https://ch.linkedin.com/jobs/view/2027-off-cycle-internship-investment-banking-ecm-zurich-at-ubs-4379799016;2026-03-13T21:47:07.979206
LinkedIn;2027 Off-Cycle Internship - Investment Banking DCM - Zurich;UBS;Zurich, Zurich, Switzerland;N/A;02.03.26;https://ch.linkedin.com/jobs/view/2027-off-cycle-internship-investment-banking-dcm-zurich-at-ubs-4379775655;2026-03-13T21:47:07.979423
LinkedIn;2027 Off-Cycle Internship - Investment Banking Mid Market - Zurich;UBS;Zurich, Zurich, Switzerland;N/A;02.03.26;https://ch.linkedin.com/jobs/view/2027-off-cycle-internship-investment-banking-mid-market-zurich-at-ubs-4379788475;2026-03-13T21:47:36.065872
LinkedIn;2026 Off-Cycle Internship - Investment Banking Mid Market - Zurich;UBS;Zurich, Zurich, Switzerland;N/A;02.03.26;https://ch.linkedin.com/jobs/view/2026-off-cycle-internship-investment-banking-mid-market-zurich-at-ubs-4379907036;2026-03-13T21:47:36.066412
LinkedIn;GPS Associate: Junior Wealth Planner Succession Switzerland, Zurich, 100% (f/m/d);Julius Baer;Zurich, Zurich, Switzerland;N/A;01.03.26;https://ch.linkedin.com/jobs/view/gps-associate-junior-wealth-planner-succession-switzerland-zurich-100%25-f-m-d-at-julius-baer-4363788494;2026-03-13T21:45:06.652412
LinkedIn;Client Relationship Manager (Wealth Management);Salve.Lab;Switzerland;N/A;28.02.26;https://ch.linkedin.com/jobs/view/client-relationship-manager-wealth-management-at-salve-lab-4378277621;2026-03-13T21:45:42.715640
LinkedIn;Investment Manager for the LatAm team in Switzerland (F/M/X);Deutsche Bank;Geneva, Geneva, Switzerland;N/A;28.02.26;https://ch.linkedin.com/jobs/view/investment-manager-for-the-latam-team-in-switzerland-f-m-x-at-deutsche-bank-4369996006;2026-03-13T21:45:47.450465
LinkedIn;Analyst / Associate Investment Advisory (m/w/d);Empira Group;Zug, Zug, Switzerland;N/A;27.02.26;https://ch.linkedin.com/jobs/view/analyst-associate-investment-advisory-m-w-d-at-empira-group-4379066367;2026-03-13T21:44:45.060843
LinkedIn;Privatkundenberaterin / Privatkundenberater, 80-100%;Obwaldner Kantonalbank;Kerns, Obwalden, Switzerland;N/A;27.02.26;https://ch.linkedin.com/jobs/view/privatkundenberaterin-privatkundenberater-80-100%25-at-obwaldner-kantonalbank-4378765183;2026-03-13T21:45:15.208695
LinkedIn;Assistent/in Private Banking 100 % (w/m/d);Luzerner Kantonalbank;Lucerne, Lucerne, Switzerland;N/A;27.02.26;https://ch.linkedin.com/jobs/view/assistent-in-private-banking-100-%25-w-m-d-at-luzerner-kantonalbank-4378680327;2026-03-13T21:45:33.816329
LinkedIn;Regulatory Counsel (Private Bank);Revolut;Zürich Metropolitan Area;N/A;27.02.26;https://ch.linkedin.com/jobs/view/regulatory-counsel-private-bank-at-revolut-4359108694;2026-03-13T21:45:42.715999
LinkedIn;Senior Legal Counsel Client Channels und Procurement (w/m/d);Zürcher Kantonalbank;Zurich, Zurich, Switzerland;N/A;27.02.26;https://ch.linkedin.com/jobs/view/senior-legal-counsel-client-channels-und-procurement-w-m-d-at-z%C3%BCrcher-kantonalbank-4361402933;2026-03-13T21:46:07.631734
LinkedIn;Head of Advisory;Hays;Geneva Metropolitan Area;N/A;27.02.26;https://ch.linkedin.com/jobs/view/head-of-advisory-at-hays-4379036213;2026-03-13T21:46:15.996795
LinkedIn;Wealth Planner (f/m/x);Deutsche Bank;Zurich, Zurich, Switzerland;N/A;26.02.26;https://ch.linkedin.com/jobs/view/wealth-planner-f-m-x-at-deutsche-bank-4369289654;2026-03-13T21:45:20.507367
LinkedIn;Head of Advisory BSISA;Santander Private Banking International;Geneva, Geneva, Switzerland;N/A;26.02.26;https://ch.linkedin.com/jobs/view/head-of-advisory-bsisa-at-santander-private-banking-international-4378051773;2026-03-13T21:45:42.715285
LinkedIn;International Private Bank, Executive Director Client Advisor- Swiss Onshore Market;JPMorganChase;Zurich, Zurich, Switzerland;N/A;26.02.26;https://ch.linkedin.com/jobs/view/international-private-bank-executive-director-client-advisor-swiss-onshore-market-at-jpmorganchase-4369098429;2026-03-13T21:45:42.716113
LinkedIn;Senior Treasury Specialist (m/w/d);Zürcher Kantonalbank;Zurich, Zurich, Switzerland;N/A;26.02.26;https://ch.linkedin.com/jobs/view/senior-treasury-specialist-m-w-d-at-z%C3%BCrcher-kantonalbank-4375538204;2026-03-13T21:46:22.860070
LinkedIn;Director Private Banking;James & Partners;Geneva, Switzerland;N/A;26.02.26;https://ch.linkedin.com/jobs/view/director-private-banking-at-james-partners-4377253605;2026-03-13T21:47:02.665092
LinkedIn;Banking, Commercial Banking, Full Time Analyst, Zurich, Switzerland - 2026;Citi;Zurich, Zurich, Switzerland;N/A;25.02.26;https://ch.linkedin.com/jobs/view/banking-commercial-banking-full-time-analyst-zurich-switzerland-2026-at-citi-4377551927;2026-03-13T21:44:50.230321
LinkedIn;Senior Kundenberater/in Externe Vermögensverwalter;Schwyzer Kantonalbank;Pfäffikon, Schwyz, Switzerland;N/A;25.02.26;https://ch.linkedin.com/jobs/view/senior-kundenberater-in-externe-verm%C3%B6gensverwalter-at-schwyzer-kantonalbank-4376740462;2026-03-13T21:45:33.816673
LinkedIn;FX Trader, Capital Markets Europe International;Deutsche Bank;Zurich, Zurich, Switzerland;N/A;25.02.26;https://ch.linkedin.com/jobs/view/fx-trader-capital-markets-europe-international-at-deutsche-bank-4361660054;2026-03-13T21:47:07.979097
LinkedIn;Banking, Investment Banking, Placement Analyst, Zurich, Switzerland 2026 - July Intake;Citi;Zurich, Zurich, Switzerland;N/A;24.02.26;https://ch.linkedin.com/jobs/view/banking-investment-banking-placement-analyst-zurich-switzerland-2026-july-intake-at-citi-4311678911;2026-03-13T21:44:45.060957
LinkedIn;Technical Business Analyst - Asset Management;Synechron;Geneva, Geneva, Switzerland;N/A;24.02.26;https://ch.linkedin.com/jobs/view/technical-business-analyst-asset-management-at-synechron-4377158358;2026-03-13T21:44:45.061181
LinkedIn;Spezialist:in Finanzierungen;Zürcher Kantonalbank;Zurich, Zurich, Switzerland;N/A;24.02.26;https://ch.linkedin.com/jobs/view/spezialist-in-finanzierungen-at-z%C3%BCrcher-kantonalbank-4374831685;2026-03-13T21:46:22.859608
LinkedIn;Assistant Relationship Manager;BCP - Banque de Commerce et de Placements;Geneva, Switzerland;N/A;24.02.26;https://ch.linkedin.com/jobs/view/assistant-relationship-manager-at-bcp-banque-de-commerce-et-de-placements-4376073087;2026-03-13T21:46:30.799239
LinkedIn;Asset Management Analyst – Data & Automation (PV & BESS);GoldenPeaks Capital;Baar, Zug, Switzerland;N/A;23.02.26;https://ch.linkedin.com/jobs/view/asset-management-analyst-%E2%80%93-data-automation-pv-bess-at-goldenpeaks-capital-4376593215;2026-03-13T21:44:45.061067
LinkedIn;GPS Associate: Wealth Planning Europe, Zürich, 100% (f/m/d);Julius Baer;Zurich, Zurich, Switzerland;N/A;23.02.26;https://ch.linkedin.com/jobs/view/gps-associate-wealth-planning-europe-z%C3%BCrich-100%25-f-m-d-at-julius-baer-4368145661;2026-03-13T21:45:06.652527
LinkedIn;Head Market Risk Asset (all) 80-100%;Alpiq;Lausanne, Vaud, Switzerland;N/A;23.02.26;https://ch.linkedin.com/jobs/view/head-market-risk-asset-all-80-100%25-at-alpiq-4374299191;2026-03-13T21:45:38.625912
LinkedIn;Head of Risk;Swissblock Technologies AG;Baar, Zug, Switzerland;N/A;23.02.26;https://ch.linkedin.com/jobs/view/head-of-risk-at-swissblock-technologies-ag-4375714727;2026-03-13T21:45:38.626244
LinkedIn;Central File Officer;QNB Group;Geneva, Switzerland;N/A;23.02.26;https://ch.linkedin.com/jobs/view/central-file-officer-at-qnb-group-4374298653;2026-03-13T21:46:15.996687
LinkedIn;Segment Manager mit Fokus Firmenkunden (m/w/d);Zürcher Kantonalbank;Zurich, Zurich, Switzerland;N/A;23.02.26;https://ch.linkedin.com/jobs/view/segment-manager-mit-fokus-firmenkunden-m-w-d-at-z%C3%BCrcher-kantonalbank-4374511509;2026-03-13T21:46:22.860178
LinkedIn;Niederlassungsleiter*in Frick (a);Aargauische Kantonalbank;Frick, Aargau, Switzerland;N/A;23.02.26;https://ch.linkedin.com/jobs/view/niederlassungsleiter-in-frick-a-at-aargauische-kantonalbank-4376560093;2026-03-13T21:46:55.330644
LinkedIn;Firmenkundenbetreuer:in Markt Schweiz;Zürcher Kantonalbank;Zurich, Zurich, Switzerland;N/A;23.02.26;https://ch.linkedin.com/jobs/view/firmenkundenbetreuer-in-markt-schweiz-at-z%C3%BCrcher-kantonalbank-4352632790;2026-03-13T21:46:55.330774
LinkedIn;Firmenkundenbetreuer:in Bau/Immobilien Markt Schweiz;Zürcher Kantonalbank;Zurich, Zurich, Switzerland;N/A;23.02.26;https://ch.linkedin.com/jobs/view/firmenkundenbetreuer-in-bau-immobilien-markt-schweiz-at-z%C3%BCrcher-kantonalbank-4352652730;2026-03-13T21:46:55.330881
LinkedIn;International Private Bank, Private Banker, MENAT, Vice President;JPMorganChase;Geneva, Geneva, Switzerland;N/A;22.02.26;https://ch.linkedin.com/jobs/view/international-private-bank-private-banker-menat-vice-president-at-jpmorganchase-4304988001;2026-03-13T21:45:42.715519
LinkedIn;Finanzbuchhalter:in Real Estate;Zürcher Kantonalbank;Zurich, Zurich, Switzerland;N/A;21.02.26;https://ch.linkedin.com/jobs/view/finanzbuchhalter-in-real-estate-at-z%C3%BCrcher-kantonalbank-4356790851;2026-03-13T21:45:33.816549
LinkedIn;BANK-now - Teamleiter/in Vorinkasso Kredit, 80-100%;UBS;Horgen, Zurich, Switzerland;N/A;21.02.26;https://ch.linkedin.com/jobs/view/bank-now-teamleiter-in-vorinkasso-kredit-80-100%25-at-ubs-4345341096;2026-03-13T21:45:59.757853
LinkedIn;Lombard Credit Risk Officer - Private Banking 100% (f/m/d);Julius Baer;Zurich, Zurich, Switzerland;N/A;21.02.26;https://ch.linkedin.com/jobs/view/lombard-credit-risk-officer-private-banking-100%25-f-m-d-at-julius-baer-4367630612;2026-03-13T21:46:30.798919
LinkedIn;Regionalleiter*in (a);Aargauische Kantonalbank;Rheinfelden, Aargau, Switzerland;N/A;21.02.26;https://ch.linkedin.com/jobs/view/regionalleiter-in-a-at-aargauische-kantonalbank-4344358569;2026-03-13T21:46:55.330536
LinkedIn;Third Party Distribution Senior Sales (Zurich);Lazard Asset Management;Zurich, Zurich, Switzerland;N/A;21.02.26;https://ch.linkedin.com/jobs/view/third-party-distribution-senior-sales-zurich-at-lazard-asset-management-4356711831;2026-03-13T21:47:31.686786
LinkedIn;Fachspezialistin Qualitätsmanagement Asset Management (w/m);Basler Kantonalbank;Basel, Basel, Switzerland;N/A;20.02.26;https://ch.linkedin.com/jobs/view/fachspezialistin-qualit%C3%A4tsmanagement-asset-management-w-m-at-basler-kantonalbank-4375817010;2026-03-13T21:45:15.209274
LinkedIn;Consulente patrimonio Starter tempo indeterminato;Convit International GmbH;Lodrino, Ticino, Switzerland;N/A;20.02.26;https://ch.linkedin.com/jobs/view/consulente-patrimonio-starter-tempo-indeterminato-at-convit-international-gmbh-4374387712;2026-03-13T21:45:20.507588
LinkedIn;Consulente finanziario (Homeoffice) entrata laterale, strumenti & mentoring;Convit International GmbH;Arzo, Ticino, Switzerland;N/A;20.02.26;https://ch.linkedin.com/jobs/view/consulente-finanziario-homeoffice-entrata-laterale-strumenti-mentoring-at-convit-international-gmbh-4374375848;2026-03-13T21:45:20.507950
LinkedIn;Consulente previdenziale & risparmio (junior);Convit International GmbH;Lugano, Ticino, Switzerland;N/A;20.02.26;https://ch.linkedin.com/jobs/view/consulente-previdenziale-risparmio-junior-at-convit-international-gmbh-4374381745;2026-03-13T21:45:20.508179
LinkedIn;Consulente finanziario Newcomer percorso di carriera, fisso + bonus;Convit International GmbH;Acquarossa, Ticino, Switzerland;N/A;20.02.26;https://ch.linkedin.com/jobs/view/consulente-finanziario-newcomer-percorso-di-carriera-fisso-%2B-bonus-at-convit-international-gmbh-4374376820;2026-03-13T21:45:24.897138
LinkedIn;Consulente finanziario (junior) remoto/ibrido;Convit International GmbH;Gravesano, Ticino, Switzerland;N/A;20.02.26;https://ch.linkedin.com/jobs/view/consulente-finanziario-junior-remoto-ibrido-at-convit-international-gmbh-4374386673;2026-03-13T21:45:24.897251
LinkedIn;Consultant patrimonio (junior) part-time o 100 %;Convit International GmbH;Agra, Ticino, Switzerland;N/A;20.02.26;https://ch.linkedin.com/jobs/view/consultant-patrimonio-junior-part-time-o-100-%25-at-convit-international-gmbh-4374374806;2026-03-13T21:45:24.897696
LinkedIn;Tax Manager International M&A and Structuring, Financial Services;PwC Switzerland;Zurich, Zurich, Switzerland;N/A;20.02.26;https://ch.linkedin.com/jobs/view/tax-manager-international-m-a-and-structuring-financial-services-at-pwc-switzerland-4374337189;2026-03-13T21:45:59.758509
LinkedIn;Senior MIT Advisor with Alternatives Focus, Switzerland;Deutsche Bank;Geneva, Geneva, Switzerland;N/A;20.02.26;https://ch.linkedin.com/jobs/view/senior-mit-advisor-with-alternatives-focus-switzerland-at-deutsche-bank-4344525081;2026-03-13T21:46:02.999118
LinkedIn;Senior Relationship Manager - 100 % (f/m/d);TradeXBank;Zurich, Zurich, Switzerland;N/A;20.02.26;https://ch.linkedin.com/jobs/view/senior-relationship-manager-100-%25-f-m-d-at-tradexbank-4373463649;2026-03-13T21:46:35.593834
LinkedIn;(Assistant) Manager – Financial Services Audit & Assurance;KPMG Switzerland;Zurich, Zurich, Switzerland;N/A;19.02.26;https://ch.linkedin.com/jobs/view/assistant-manager-%E2%80%93-financial-services-audit-assurance-at-kpmg-switzerland-4375085229;2026-03-13T21:45:59.758400
LinkedIn;Senior Private Banker;Phoenix Search & Consulting GmbH;Zurich, Switzerland;N/A;19.02.26;https://ch.linkedin.com/jobs/view/senior-private-banker-at-phoenix-search-consulting-gmbh-4373684265;2026-03-13T21:46:48.506413
LinkedIn;Senior Private Banker, EMEA U/HNW Coverage (Based in Monaco);Delta Executive Search;Geneva, Switzerland;N/A;17.02.26;https://ch.linkedin.com/jobs/view/senior-private-banker-emea-u-hnw-coverage-based-in-monaco-at-delta-executive-search-4373948077;2026-03-13T21:46:48.506770
LinkedIn;Senior Relationship Manager;Everon AG;Zurich, Switzerland;N/A;17.02.26;https://ch.linkedin.com/jobs/view/senior-relationship-manager-at-everon-ag-4373956414;2026-03-13T21:46:48.507206
LinkedIn;Investment Advisor, Private Banking, LATAM Clients, Geneva;Delta Executive Search;Geneva, Switzerland;N/A;17.02.26;https://ch.linkedin.com/jobs/view/investment-advisor-private-banking-latam-clients-geneva-at-delta-executive-search-4373939535;2026-03-13T21:47:20.885903
LinkedIn;Business Analyst Banking (w/m/d);Randstad Switzerland;Zurich, Switzerland;N/A;16.02.26;https://ch.linkedin.com/jobs/view/business-analyst-banking-w-m-d-at-randstad-switzerland-4363903135;2026-03-13T21:44:50.230431
LinkedIn;Senior Relationship Manager - GCC;QNB Group;Geneva, Switzerland;N/A;16.02.26;https://ch.linkedin.com/jobs/view/senior-relationship-manager-gcc-at-qnb-group-4341862722;2026-03-13T21:46:15.996123
LinkedIn;Transact T24 Specialist - Migration Business Analyst;Tech Mahindra;Zurich, Switzerland;N/A;13.02.26;https://ch.linkedin.com/jobs/view/transact-t24-specialist-migration-business-analyst-at-tech-mahindra-4371792632;2026-03-13T21:44:50.230914
LinkedIn;Maintenance & Reliability Lead (m/w/d);DSJ Global;Neuchâtel, Switzerland;N/A;13.02.26;https://ch.linkedin.com/jobs/view/maintenance-reliability-lead-m-w-d-at-dsj-global-4372716705;2026-03-13T21:45:38.626353
LinkedIn;Futures Portfolio Manager;Stephenson Executive Search;Switzerland;N/A;13.02.26;https://ch.linkedin.com/jobs/view/futures-portfolio-manager-at-stephenson-executive-search-4364126168;2026-03-13T21:45:55.909034
LinkedIn;Compliance-Leiter:in;Thurgauer Kantonalbank;Weinfelden, Thurgau, Switzerland;N/A;13.02.26;https://ch.linkedin.com/jobs/view/compliance-leiter-in-at-thurgauer-kantonalbank-4371750035;2026-03-13T21:46:07.630843